ID,label
S1-1-0001,1
S1-1-0002,1
S1-1-0003,1
S1-1-0004,1
S1-1-0005,1
S1-1-0006,1
S1-1-0007,1
S1-1-0008,1
S1-1-0009,1
S1-1-0010,1
S1-1-0011,1
S1-1-0012,1
S1-1-0013,1
S1-1-0014,1
S1-1-0015,1
S1-1-0016,1
S1-1-0017,1
S1-1-0018,1
S1-1-0019,1
S1-1-0020,1
S1-1-0021,1
S1-1-0022,1
S1-1-0023,1
S1-1-0024,1
S1-1-0025,1
S1-1-0026,1
S1-1-0027,1
S1-1-0028,1
S1-1-0029,1
S1-1-0030,1
S1-1-0031,1
S1-1-0032,1
S1-1-0033,1
S1-1-0034,1
S1-1-0035,1
S1-1-0036,1
S1-1-0037,1
S1-1-0038,1
S1-1-0039,1
S1-1-0040,1
S1-1-0041,1
S1-1-0042,1
S1-1-0043,1
S1-1-0044,1
S1-1-0045,1
S1-1-0046,1
S1-1-0047,1
S1-1-0048,1
S1-1-0049,1
S1-1-0050,1
S1-1-0051,1
S1-1-0052,1
S1-1-0053,1
S1-1-0054,1
S1-1-0055,1
S1-1-0056,1
S1-1-0057,1
S1-1-0058,1
S1-1-0059,1
S1-1-0060,1
S1-1-0061,1
S1-1-0062,1
S1-1-0063,1
S1-1-0064,1
S1-1-0065,1
S1-1-0066,1
S1-1-0067,1
S1-1-0068,1
S1-1-0069,1
S1-1-0070,1
S1-1-0071,1
S1-1-0072,1
S1-1-0073,1
S1-1-0074,1
S2-1-0001,1
S2-1-0002,1
S2-1-0003,1
S2-1-0004,1
S2-1-0005,1
S2-1-0006,1
S2-1-0007,1
S2-1-0008,1
S2-1-0009,1
S2-1-0010,1
S2-1-0011,1
S2-1-0012,1
S2-1-0013,1
S2-1-0014,1
S2-1-0015,1
S2-1-0016,1
S2-1-0017,1
S2-1-0018,1
S2-1-0019,1
S2-1-0020,1
S2-1-0021,1
S2-1-0022,1
S2-1-0023,1
S2-1-0024,1
S2-1-0025,1
S2-1-0026,1
S2-1-0027,1
S2-1-0028,1
S2-1-0029,1
S2-1-0030,1
S3-1-0001,1
S3-1-0002,1
S3-1-0003,1
S3-1-0004,1
S3-1-0005,1
S3-1-0006,1
S3-1-0007,1
S3-1-0008,1
S3-1-0009,1
S3-1-0010,1
S3-1-0011,1
S3-1-0012,1
S3-1-0013,1
S3-1-0014,1
S3-1-0015,1
S3-1-0016,1
S3-1-0017,1
S3-1-0018,1
S3-1-0019,1
S3-1-0020,1
S3-1-0021,1
S3-1-0022,1
S3-1-0023,1
S3-1-0024,1
S3-1-0025,1
S3-1-0026,1
S3-1-0027,1
S5-1-0001,1
S5-1-0002,1
S5-1-0003,1
S5-1-0004,1
S5-1-0005,1
S5-1-0006,1
S5-1-0007,1
S5-1-0008,1
S5-1-0009,1
S5-1-0010,1
S5-1-0011,1
S5-1-0012,1
S5-1-0013,1
S6-1-0001,1
S6-1-0002,1
S6-1-0003,1
S6-1-0004,1
S6-1-0005,1
S6-1-0006,1
S6-1-0007,1
S6-1-0008,1
S6-1-0009,1
S6-1-0010,1
S6-1-0011,1
S6-1-0012,1
S6-1-0013,1
S6-1-0014,1
S6-1-0015,1
S7-1-0001,1
S7-1-0002,1
S7-1-0003,1
S7-1-0004,1
S7-1-0005,1
S7-1-0006,1
S7-1-0007,1
S7-1-0008,1
S7-1-0009,1
S7-1-0010,1
S7-1-0011,1
S7-1-0012,1
S7-1-0013,1
S7-1-0014,1
S7-1-0015,1
S7-1-0016,1
S7-1-0017,1
S7-1-0018,1
S7-1-0019,1
S7-1-0020,1
S7-1-0021,1
S7-1-0022,1
S7-1-0023,1
S7-1-0024,1
S7-1-0025,1
S7-1-0026,1
S7-1-0027,1
S7-1-0028,1
S7-1-0029,1
S7-1-0030,1
S7-1-0031,1
S7-1-0032,1
S7-1-0033,1
S7-1-0034,1
S7-1-0035,1
S7-1-0036,1
S7-1-0037,1
S7-1-0038,1
S8-1-0001,1
S8-1-0002,1
S8-1-0003,1
S8-1-0004,1
S8-1-0005,1
S8-1-0006,1
S8-1-0007,1
S8-1-0008,1
S8-1-0009,1
S8-1-0010,1
S8-1-0011,1
S8-1-0012,1
S8-1-0013,1
S8-1-0014,1
S8-1-0015,1
S8-1-0016,1
S8-1-0017,1
S8-1-0018,1
S8-1-0019,1
S8-1-0020,1
S8-1-0021,1
S8-1-0022,1
S8-1-0023,1
S8-1-0024,1
S8-1-0025,1
S8-1-0026,1
S8-1-0027,1
S8-1-0028,1
S8-1-0029,1
S8-1-0030,1
S8-1-0031,1
S8-1-0032,1
S8-1-0033,1
S8-1-0034,1
S8-1-0035,1
S8-1-0036,1
S8-1-0037,1
S8-1-0038,1
S8-1-0039,1
S8-1-0040,1
S8-1-0041,1
S8-1-0042,1
S8-1-0043,1
S8-1-0044,1
S8-1-0045,1
S8-1-0046,1
S8-1-0047,1
S8-1-0048,1
S8-1-0049,1
S8-1-0050,1
S8-1-0051,1
S8-1-0052,1
S8-1-0053,1
S8-1-0054,1
S8-1-0055,1
S8-1-0056,1
S8-1-0057,1
S8-1-0058,1
S8-1-0059,1
S8-1-0060,1
S8-1-0061,1
S8-1-0062,1
S8-1-0063,1
S8-1-0064,1
S8-1-0065,1
S8-1-0066,1
S8-1-0067,1
S8-1-0068,1
S8-1-0069,1
S8-1-0070,1
S8-1-0071,1
S8-1-0072,1
S8-1-0073,1
S8-1-0074,1
S8-1-0075,1
S9-1-0001,1
S9-1-0002,1
S9-1-0003,1
S9-1-0004,1
S9-1-0005,1
S9-1-0006,1
S9-1-0007,1
S9-1-0008,1
S9-1-0009,1
S9-1-0010,1
S9-1-0011,1
S9-1-0012,1
S9-1-0013,1
S9-1-0014,1
S9-1-0015,1
S9-1-0016,1
S9-1-0017,1
S9-1-0018,1
S9-1-0019,1
S9-1-0020,1
S9-1-0021,1
S9-1-0022,1
S9-1-0023,1
S9-1-0024,1
S9-1-0025,1
S9-1-0026,1
S9-1-0027,1
S9-1-0028,1
S9-1-0029,1
S9-1-0030,1
S9-1-0031,1
S9-1-0032,1
S9-1-0033,1
S9-1-0034,1
S9-1-0035,1
S9-1-0036,1
S9-1-0037,1
S9-1-0038,1
S9-1-0039,1
S9-1-0040,1
S9-1-0041,1
S9-1-0042,1
S9-1-0043,1
S9-1-0044,1
S9-1-0045,1
S9-1-0046,1
S9-1-0047,1
S9-1-0048,1
S9-1-0049,1
S9-1-0050,1
S10-1-0001,1
S10-1-0002,1
S10-1-0003,1
S10-1-0004,1
S10-1-0005,1
S10-1-0006,1
S10-1-0007,1
S10-1-0008,1
S10-1-0009,1
S10-1-0010,1
S10-1-0011,1
S10-1-0012,1
S10-1-0013,1
S10-1-0014,1
S10-1-0015,1
S10-1-0016,1
S10-1-0017,1
S10-1-0018,1
S10-1-0019,1
S10-1-0020,1
S10-1-0021,1
S10-1-0022,1
S10-1-0023,1
S10-1-0024,1
S10-1-0025,1
S10-1-0026,1
S10-1-0027,1
S10-1-0028,1
S10-1-0029,1
S10-1-0030,1
S10-1-0031,1
S10-1-0032,1
S10-1-0033,1
S10-1-0034,1
S10-1-0035,1
S10-1-0036,1
S10-1-0037,1
S10-1-0038,1
S10-1-0039,1
S10-1-0040,1
S10-1-0041,1
S10-1-0042,1
S10-1-0043,1
S10-1-0044,1
S10-1-0045,1
S10-1-0046,1
S10-1-0047,1
S10-1-0048,1
S10-1-0049,1
S10-1-0050,1
S11-1-0001,1
S11-1-0002,1
S11-1-0003,1
S11-1-0004,1
S11-1-0005,1
S11-1-0006,1
S11-1-0007,1
S11-1-0008,1
S11-1-0009,1
S11-1-0010,1
S11-1-0011,1
S11-1-0012,1
S11-1-0013,1
S11-1-0014,1
S11-1-0015,1
S11-1-0016,1
S11-1-0017,1
S11-1-0018,1
S11-1-0019,1
S11-1-0020,1
S11-1-0021,1
S11-1-0022,1
S11-1-0023,1
S11-1-0024,1
S11-1-0025,1
S11-1-0026,1
S11-1-0027,1
S11-1-0028,1
S11-1-0029,1
S11-1-0030,1
S11-1-0031,1
S11-1-0032,1
S12-1-0001,1
S12-1-0002,1
S12-1-0003,1
S12-1-0004,1
S12-1-0005,1
S12-1-0006,1
S12-1-0007,1
S12-1-0008,1
S12-1-0009,1
S12-1-0010,1
S12-1-0011,1
S12-1-0012,1
S12-1-0013,1
S12-1-0014,1
S12-1-0015,1
S12-1-0016,1
S12-1-0017,1
S12-1-0018,1
S12-1-0019,1
S12-1-0020,1
S12-1-0021,1
S12-1-0022,1
S12-1-0023,1
S12-1-0024,1
S12-1-0025,1
S12-1-0026,1
S12-1-0027,1
S12-1-0028,1
S12-1-0029,1
S12-1-0030,1
S12-1-0031,1
S12-1-0032,1
S13-1-0001,1
S13-1-0002,1
S13-1-0003,1
S13-1-0004,1
S13-1-0005,1
S13-1-0006,1
S13-1-0007,1
S13-1-0008,1
S13-1-0009,1
S13-1-0010,1
S13-1-0011,1
S13-1-0012,1
S13-1-0013,1
S13-1-0014,1
S13-1-0015,1
S13-1-0016,1
S13-1-0017,1
S13-1-0018,1
S13-1-0019,1
S13-1-0020,1
S13-1-0021,1
S13-1-0022,1
S13-1-0023,1
S13-1-0024,1
S13-1-0025,1
S14-1-0001,1
S14-1-0002,1
S14-1-0003,1
S14-1-0004,1
S14-1-0005,1
S14-1-0006,1
S14-1-0007,1
S14-1-0008,1
S14-1-0009,1
S14-1-0010,1
S14-1-0011,1
S14-1-0012,1
S14-1-0013,1
S14-1-0014,1
S14-1-0015,1
S14-1-0016,1
S14-1-0017,1
S14-1-0018,1
S14-1-0019,1
S14-1-0020,1
S14-1-0021,1
S14-1-0022,1
S14-1-0023,1
S14-1-0024,1
S14-1-0025,1
S14-1-0026,1
S14-1-0027,1
S14-1-0028,1
S14-1-0029,1
S14-1-0030,1
S14-1-0031,1
S14-1-0032,1
S14-1-0033,1
S14-1-0034,1
S14-1-0035,1
S14-1-0036,1
S14-1-0037,1
S14-1-0038,1
S14-1-0039,1
S14-1-0040,1
S14-1-0041,1
S14-1-0042,1
S14-1-0043,1
S14-1-0044,1
S14-1-0045,1
S14-1-0046,1
S14-1-0047,1
S14-1-0048,1
S14-1-0049,1
S14-1-0050,1
S14-1-0051,1
S14-1-0052,1
S14-1-0053,1
S14-1-0054,1
S14-1-0055,1
S14-1-0056,1
S14-1-0057,1
S14-1-0058,1
S14-1-0059,1
S14-1-0060,1
S14-1-0061,1
S14-1-0062,1
S14-1-0063,1
S14-1-0064,1
S15-1-0001,1
S15-1-0002,1
S15-1-0003,1
S15-1-0004,1
S15-1-0005,1
S15-1-0006,1
S15-1-0007,1
S15-1-0008,1
S15-1-0009,1
S15-1-0010,1
S15-1-0011,1
S15-1-0012,1
S15-1-0013,1
S15-1-0014,1
S15-1-0015,1
S15-1-0016,1
S15-1-0017,1
S15-1-0018,1
S15-1-0019,1
S15-1-0020,1
S15-1-0021,1
S15-1-0022,1
S15-1-0023,1
S15-1-0024,1
S15-1-0025,1
S15-1-0026,1
S15-1-0027,1
S15-1-0028,1
S15-1-0029,1
S15-1-0030,1
S15-1-0031,1
S15-1-0032,1
S15-1-0033,1
S15-1-0034,1
S15-1-0035,1
S15-1-0036,1
S15-1-0037,1
S15-1-0038,1
S15-1-0039,1
S15-1-0040,1
S15-1-0041,1
S15-1-0042,1
S15-1-0043,1
S15-1-0044,1
S15-1-0045,1
S15-1-0046,1
S15-1-0047,1
S15-1-0048,1
S15-1-0049,1
S15-1-0050,1
S16-1-0001,1
S16-1-0002,1
S16-1-0003,1
S16-1-0004,1
S16-1-0005,1
S16-1-0006,1
S16-1-0007,1
S16-1-0008,1
S16-1-0009,1
S16-1-0010,1
S16-1-0011,1
S16-1-0012,1
S16-1-0013,1
S16-1-0014,1
S16-1-0015,1
S16-1-0016,1
S16-1-0017,1
S16-1-0018,1
S16-1-0019,1
S16-1-0020,1
S16-1-0021,1
S16-1-0022,1
S16-1-0023,1
S16-1-0024,1
S16-1-0025,1
S16-1-0026,1
S16-1-0027,1
S16-1-0028,1
S16-1-0029,1
S16-1-0030,1
S16-1-0031,1
S17-1-0001,1
S17-1-0002,1
S17-1-0003,1
S17-1-0004,1
S17-1-0005,1
S17-1-0006,1
S17-1-0007,1
S17-1-0008,1
S17-1-0009,1
S17-1-0010,1
S17-1-0011,1
S17-1-0012,1
S17-1-0013,1
S17-1-0014,1
S17-1-0015,1
S17-1-0016,1
S17-1-0017,1
S17-1-0018,1
S17-1-0019,1
S17-1-0020,1
S17-1-0021,1
S17-1-0022,1
S17-1-0023,1
S17-1-0024,1
S17-1-0025,1
S17-1-0026,1
S17-1-0027,1
S17-1-0028,1
S17-1-0029,1
S17-1-0030,1
S17-1-0031,1
S17-1-0032,1
S17-1-0033,1
S17-1-0034,1
S17-1-0035,1
S17-1-0036,1
S17-1-0037,1
S17-1-0038,1
S17-1-0039,1
S17-1-0040,1
S17-1-0041,1
S17-1-0042,1
S17-1-0043,1
S17-1-0044,1
S17-1-0045,1
S17-1-0046,1
S17-1-0047,1
S18-1-0001,1
S18-1-0002,1
S18-1-0003,1
S18-1-0004,1
S18-1-0005,1
S18-1-0006,1
S18-1-0007,1
S18-1-0008,1
S18-1-0009,1
S18-1-0010,1
S18-1-0011,1
S18-1-0012,1
S18-1-0013,1
S18-1-0014,1
S18-1-0015,1
S18-1-0016,1
S18-1-0017,1
S18-1-0018,1
S18-1-0019,1
S18-1-0020,1
S18-1-0021,1
S19-1-0001,1
S19-1-0002,1
S19-1-0003,1
S19-1-0004,1
S19-1-0005,1
S19-1-0006,1
S19-1-0007,1
S19-1-0008,1
S19-1-0009,1
S19-1-0010,1
S19-1-0011,1
S19-1-0012,1
S19-1-0013,1
S19-1-0014,1
S19-1-0015,1
S19-1-0016,1
S19-1-0017,1
S19-1-0018,1
S19-1-0019,1
S19-1-0020,1
S19-1-0021,1
S19-1-0022,1
S19-1-0023,1
S19-1-0024,1
S19-1-0025,1
S19-1-0026,1
S19-1-0027,1
S19-1-0028,1
S19-1-0029,1
S19-1-0030,1
S19-1-0031,1
S19-1-0032,1
S19-1-0033,1
S19-1-0034,1
S19-1-0035,1
S19-1-0036,1
S19-1-0037,1
S19-1-0038,1
S19-1-0039,1
S19-1-0040,1
S19-1-0041,1
S19-1-0042,1
S19-1-0043,1
S19-1-0044,1
S19-1-0045,1
S19-1-0046,1
S19-1-0047,1
S19-1-0048,1
S19-1-0049,1
S19-1-0050,1
S19-1-0051,1
S20-1-0001,1
S20-1-0002,1
S20-1-0003,1
S20-1-0004,1
S20-1-0005,1
S20-1-0006,1
S20-1-0007,1
S20-1-0008,1
S20-1-0009,1
S20-1-0010,1
S20-1-0011,1
S20-1-0012,1
S20-1-0013,1
S20-1-0014,1
S20-1-0015,1
S20-1-0016,1
S20-1-0017,1
S20-1-0018,1
S20-1-0019,1
S20-1-0020,1
S20-1-0021,1
S20-1-0022,1
S20-1-0023,1
S20-1-0024,1
S20-1-0025,1
S20-1-0026,1
S20-1-0027,1
S20-1-0028,1
S20-1-0029,1
S20-1-0030,1
S20-1-0031,1
S20-1-0032,1
S20-1-0033,1
S20-1-0034,1
S20-1-0035,1
S20-1-0036,1
S20-1-0037,1
S20-1-0038,1
S20-1-0039,1
S20-1-0040,1
S20-1-0041,1
S20-1-0042,1
S20-1-0043,1
S20-1-0044,1
S20-1-0045,1
S20-1-0046,1
S20-1-0047,1
S20-1-0048,1
S20-1-0049,1
S20-1-0050,1
S20-1-0051,1
S20-1-0052,1
S20-1-0053,1
S20-1-0054,1
S20-1-0055,1
S20-1-0056,1
S20-1-0057,1
S20-1-0058,1
S20-1-0059,1
S20-1-0060,1
S20-1-0061,1
S20-1-0062,1
S20-1-0063,1
S20-1-0064,1
S20-1-0065,1
S20-1-0066,1
S20-1-0067,1
S20-1-0068,1
S20-1-0069,1
S20-1-0070,1
S20-1-0071,1
S20-1-0072,1
S20-1-0073,1
S20-1-0074,1
S20-1-0075,1
S20-1-0076,1
S20-1-0077,1
S20-1-0078,1
S20-1-0079,1
S20-1-0080,1
S20-1-0081,1
S20-1-0082,1
S20-1-0083,1
S20-1-0084,1
S20-1-0085,1
S20-1-0086,1
S20-1-0087,1
S20-1-0088,1
S20-1-0089,1
S20-1-0090,1
S20-1-0091,1
S20-1-0092,1
S20-1-0093,1
S20-1-0094,1
S20-1-0095,1
S20-1-0096,1
S20-1-0097,1
S20-1-0098,1
S20-1-0099,1
S20-1-0100,1
S20-1-0101,1
S20-1-0102,1
S20-1-0103,1
S20-1-0104,1
S20-1-0105,1
S20-1-0106,1
S20-1-0107,1
S20-1-0108,1
S20-1-0109,1
S20-1-0110,1
S20-1-0111,1
S20-1-0112,1
S20-1-0113,1
S20-1-0114,1
S20-1-0115,1
S20-1-0116,1
S20-1-0117,1
S20-1-0118,1
S20-1-0119,1
S20-1-0120,1
S20-1-0121,1
S20-1-0122,1
S20-1-0123,1
S20-1-0124,1
S20-1-0125,1
S20-1-0126,1
S20-1-0127,1
S20-1-0128,1
S20-1-0129,1
S20-1-0130,1
S20-1-0131,1
S20-1-0132,1
S20-1-0133,1
S20-1-0134,1
S20-1-0135,1
S20-1-0136,1
S20-1-0137,1
S20-1-0138,1
S20-1-0139,1
S20-1-0140,1
S20-1-0141,1
S20-1-0142,1
S20-1-0143,1
S20-1-0144,1
S20-1-0145,1
S20-1-0146,1
S20-1-0147,1
S20-1-0148,1
S20-1-0149,1
S20-1-0150,1
S20-1-0151,1
S20-1-0152,1
S20-1-0153,1
S20-1-0154,1
S20-1-0155,1
S20-1-0156,1
S20-1-0157,1
S20-1-0158,1
S20-1-0159,1
S20-1-0160,1
S20-1-0161,1
S20-1-0162,1
S20-1-0163,1
S20-1-0164,1
S20-1-0165,1
S20-1-0166,1
S20-1-0167,1
S20-1-0168,1
S20-1-0169,1
S20-1-0170,1
S20-1-0171,1
S20-1-0172,1
S20-1-0173,1
S20-1-0174,1
S20-1-0175,1
S20-1-0176,1
S20-1-0177,1
S20-1-0178,1
S20-1-0179,1
S20-1-0180,1
S20-1-0181,1
S20-1-0182,1
S20-1-0183,1
S20-1-0184,1
S20-1-0185,1
S20-1-0186,1
S20-1-0187,1
S20-1-0188,1
S20-1-0189,1
S20-1-0190,1
S20-1-0191,1
S20-1-0192,1
S20-1-0193,1
S20-1-0194,1
S20-1-0195,1
S20-1-0196,1
S20-1-0197,1
S20-1-0198,1
S20-1-0199,1
S20-1-0200,1
S20-1-0201,1
S20-1-0202,1
S20-1-0203,1
S20-1-0204,1
S20-1-0205,1
S20-1-0206,1
S20-1-0207,1
S20-1-0208,1
S20-1-0209,1
S20-1-0210,1
S20-1-0211,1
S20-1-0212,1
S20-1-0213,1
S20-1-0214,1
S20-1-0215,1
S20-1-0216,1
S20-1-0217,1
S20-1-0218,1
S20-1-0219,1
S20-1-0220,1
S20-1-0221,1
S20-1-0222,1
S20-1-0223,1
S20-1-0224,1
S20-1-0225,1
S20-1-0226,1
S20-1-0227,1
S20-1-0228,1
S20-1-0229,1
S20-1-0230,1
S20-1-0231,1
S20-1-0232,1
S20-1-0233,1
S20-1-0234,1
S20-1-0235,1
S20-1-0236,1
S20-1-0237,1
S20-1-0238,1
S20-1-0239,1
S20-1-0240,1
S20-1-0241,1
S20-1-0242,1
S20-1-0243,1
S20-1-0244,1
S20-1-0245,1
S20-1-0246,1
S20-1-0247,1
S20-1-0248,1
S20-1-0249,1
S20-1-0250,1
S20-1-0251,1
S20-1-0252,1
S20-1-0253,1
S20-1-0254,1
S20-1-0255,1
S20-1-0256,1
S20-1-0257,1
S20-1-0258,1
S20-1-0259,1
S20-1-0260,1
S20-1-0261,1
S20-1-0262,1
S20-1-0263,1
S20-1-0264,1
S20-1-0265,1
S20-1-0266,1
S20-1-0267,1
S20-1-0268,1
S20-1-0269,1
S20-1-0270,1
S20-1-0271,1
S20-1-0272,1
S20-1-0273,1
S20-1-0274,1
S20-1-0275,1
S20-1-0276,1
S20-1-0277,1
S20-1-0278,1
S20-1-0279,1
S20-1-0280,1
S20-1-0281,1
S20-1-0282,1
S21-1-0001,1
S21-1-0002,1
S21-1-0003,1
S21-1-0004,1
S21-1-0005,1
S21-1-0006,1
S21-1-0007,1
S21-1-0008,1
S21-1-0009,1
S21-1-0010,1
S21-1-0011,1
S21-1-0012,1
S21-1-0013,1
S21-1-0014,1
S21-1-0015,1
S21-1-0016,1
S21-1-0017,1
S21-1-0018,1
S21-1-0019,1
S21-1-0020,1
S21-1-0021,1
S21-1-0022,1
S21-1-0023,1
S21-1-0024,1
S21-1-0025,1
S21-1-0026,1
S21-1-0027,1
S21-1-0028,1
S21-1-0029,1
S21-1-0030,1
S21-1-0031,1
S21-1-0032,1
S21-1-0033,1
S21-1-0034,1
S21-1-0035,1
S21-1-0036,1
S21-1-0037,1
S21-1-0038,1
S21-1-0039,1
S21-1-0040,1
S21-1-0041,1
S21-1-0042,1
S21-1-0043,1
S21-1-0044,1
S21-1-0045,1
S21-1-0046,1
S21-1-0047,1
S21-1-0048,1
S21-1-0049,1
S21-1-0050,1
S21-1-0051,1
S21-1-0052,1
S21-1-0053,1
S21-1-0054,1
S21-1-0055,1
S21-1-0056,1
S21-1-0057,1
S21-1-0058,1
S21-1-0059,1
S21-1-0060,1
S21-1-0061,1
S21-1-0062,1
S21-1-0063,1
S21-1-0064,1
S21-1-0065,1
S21-1-0066,1
S21-1-0067,1
S21-1-0068,1
S21-1-0069,1
S21-1-0070,1
S21-1-0071,1
S21-1-0072,1
S21-1-0073,1
S21-1-0074,1
S21-1-0075,1
S21-1-0076,1
S21-1-0077,1
S21-1-0078,1
S21-1-0079,1
S21-1-0080,1
S21-1-0081,1
S21-1-0082,1
S21-1-0083,1
S21-1-0084,1
S21-1-0085,1
S21-1-0086,1
S22-1-0001,1
S22-1-0002,1
S22-1-0003,1
S22-1-0004,1
S22-1-0005,1
S22-1-0006,1
S22-1-0007,1
S22-1-0008,1
S22-1-0009,1
S22-1-0010,1
S22-1-0011,1
S22-1-0012,1
S22-1-0013,1
S22-1-0014,1
S22-1-0015,1
S22-1-0016,1
S22-1-0017,1
S22-1-0018,1
S22-1-0019,1
S22-1-0020,1
S22-1-0021,1
S22-1-0022,1
S22-1-0023,1
S22-1-0024,1
S22-1-0025,1
S22-1-0026,1
S22-1-0027,1
S22-1-0028,1
S22-1-0029,1
S22-1-0030,1
S23-1-0001,1
S23-1-0002,1
S23-1-0003,1
S23-1-0004,1
S23-1-0005,1
S23-1-0006,1
S23-1-0007,1
S23-1-0008,1
S23-1-0009,1
S23-1-0010,1
S23-1-0011,1
S23-1-0012,1
S23-1-0013,1
S23-1-0014,1
S23-1-0015,1
S23-1-0016,1
S23-1-0017,1
S23-1-0018,1
S23-1-0019,1
S23-1-0020,1
S23-1-0021,1
S23-1-0022,1
S23-1-0023,1
S23-1-0024,1
S23-1-0025,1
S23-1-0026,1
S23-1-0027,1
S23-1-0028,1
S23-1-0029,1
S23-1-0030,1
S23-1-0031,1
S23-1-0032,1
S24-1-0001,1
S24-1-0002,1
S24-1-0003,1
S24-1-0004,1
S24-1-0005,1
S24-1-0006,1
S24-1-0007,1
S24-1-0008,1
S24-1-0009,1
S24-1-0010,1
S24-1-0011,1
S24-1-0012,1
S24-1-0013,1
S24-1-0014,1
S24-1-0015,1
S24-1-0016,1
S24-1-0017,1
S24-1-0018,1
S24-1-0019,1
S24-1-0020,1
S24-1-0021,1
S24-1-0022,1
S24-1-0023,1
S24-1-0024,1
S24-1-0025,1
S24-1-0026,1
S24-1-0027,1
S24-1-0028,1
S24-1-0029,1
S24-1-0030,1
S24-1-0031,1
S24-1-0032,1
S25-1-0001,1
S25-1-0002,1
S25-1-0003,1
S25-1-0004,1
S25-1-0005,1
S25-1-0006,1
S25-1-0007,1
S25-1-0008,1
S25-1-0009,1
S25-1-0010,1
S25-1-0011,1
S25-1-0012,1
S25-1-0013,1
S25-1-0014,1
S25-1-0015,1
S25-1-0016,1
S25-1-0017,1
S25-1-0018,1
S25-1-0019,1
S25-1-0020,1
S25-1-0021,1
S25-1-0022,1
S25-1-0023,1
S25-1-0024,1
S25-1-0025,1
S25-1-0026,1
S25-1-0027,1
S25-1-0028,1
S25-1-0029,1
S25-1-0030,1
S25-1-0031,1
S25-1-0032,1
S25-1-0033,1
S25-1-0034,1
S25-1-0035,1
S25-1-0036,1
S25-1-0037,1
S25-1-0038,1
S25-1-0039,1
S25-1-0040,1
S25-1-0041,1
S25-1-0042,1
S25-1-0043,1
S25-1-0044,1
S25-1-0045,1
S25-1-0046,1
S25-1-0047,1
S25-1-0048,1
S25-1-0049,1
S25-1-0050,1
S25-1-0051,1
S25-1-0052,1
S25-1-0053,1
S25-1-0054,1
S25-1-0055,1
S25-1-0056,1
S25-1-0057,1
S25-1-0058,1
S25-1-0059,1
S25-1-0060,1
S25-1-0061,1
S25-1-0062,1
S25-1-0063,1
S25-1-0064,1
S25-1-0065,1
S25-1-0066,1
S25-1-0067,1
S25-1-0068,1
S25-1-0069,1
S25-1-0070,1
S25-1-0071,1
S25-1-0072,1
S25-1-0073,1
S25-1-0074,1
S25-1-0075,1
S25-1-0076,1
S25-1-0077,1
S25-1-0078,1
S25-1-0079,1
S25-1-0080,1
S25-1-0081,1
S25-1-0082,1
S25-1-0083,1
S25-1-0084,1
S25-1-0085,1
S25-1-0086,1
S25-1-0087,1
S25-1-0088,1
S25-1-0089,1
S1-2-0001,0
S1-2-0002,0
S1-2-0003,0
S1-2-0004,0
S1-2-0005,0
S1-2-0006,0
S1-2-0007,0
S1-2-0008,0
S1-2-0009,0
S1-2-0010,0
S1-2-0011,0
S1-2-0012,0
S1-2-0013,0
S1-2-0014,0
S1-2-0015,0
S1-2-0016,0
S1-2-0017,0
S1-2-0018,0
S1-2-0019,0
S1-2-0020,0
S1-2-0021,0
S1-2-0022,0
S1-2-0023,0
S1-2-0024,0
S1-2-0025,0
S1-2-0026,0
S1-2-0027,0
S1-2-0028,0
S1-2-0029,0
S1-2-0030,0
S1-2-0031,0
S1-2-0032,0
S1-2-0033,0
S1-2-0034,0
S1-2-0035,0
S1-2-0036,0
S1-2-0037,0
S1-2-0038,0
S1-2-0039,0
S1-2-0040,0
S1-2-0041,0
S1-2-0042,0
S1-2-0043,0
S1-2-0044,0
S1-2-0045,0
S1-2-0046,0
S1-2-0047,0
S1-2-0048,0
S1-2-0049,0
S1-2-0050,0
S1-2-0051,0
S1-2-0052,0
S1-2-0053,0
S1-2-0054,0
S1-2-0055,0
S1-2-0056,0
S1-2-0057,0
S1-2-0058,0
S1-2-0059,0
S1-2-0060,0
S1-2-0061,0
S1-2-0062,0
S1-2-0063,0
S1-2-0064,0
S1-2-0065,0
S1-2-0066,0
S1-2-0067,0
S1-2-0068,0
S1-2-0069,0
S1-2-0070,0
S1-2-0071,0
S1-2-0072,0
S1-2-0073,0
S1-2-0074,0
S2-2-0001,0
S2-2-0002,0
S2-2-0003,0
S2-2-0004,0
S2-2-0005,0
S2-2-0006,0
S2-2-0007,0
S2-2-0008,0
S2-2-0009,0
S2-2-0010,0
S2-2-0011,0
S2-2-0012,0
S2-2-0013,0
S2-2-0014,0
S2-2-0015,0
S2-2-0016,0
S2-2-0017,0
S2-2-0018,0
S2-2-0019,0
S2-2-0020,0
S2-2-0021,0
S2-2-0022,0
S2-2-0023,0
S2-2-0024,0
S2-2-0025,0
S2-2-0026,0
S2-2-0027,0
S2-2-0028,0
S2-2-0029,0
S2-2-0030,0
S3-2-0001,0
S3-2-0002,0
S3-2-0003,0
S3-2-0004,0
S3-2-0005,0
S3-2-0006,0
S3-2-0007,0
S3-2-0008,0
S3-2-0009,0
S3-2-0010,0
S3-2-0011,0
S3-2-0012,0
S3-2-0013,0
S3-2-0014,0
S3-2-0015,0
S3-2-0016,0
S3-2-0017,0
S3-2-0018,0
S3-2-0019,0
S3-2-0020,0
S3-2-0021,0
S3-2-0022,0
S3-2-0023,0
S3-2-0024,0
S3-2-0025,0
S3-2-0026,0
S3-2-0027,0
S3-2-0028,0
S3-2-0029,0
S3-2-0030,0
S3-2-0031,0
S3-2-0032,0
S3-2-0033,0
S3-2-0034,0
S3-2-0035,0
S3-2-0036,0
S3-2-0037,0
S5-2-0001,0
S5-2-0002,0
S5-2-0003,0
S5-2-0004,0
S5-2-0005,0
S5-2-0006,0
S5-2-0007,0
S5-2-0008,0
S5-2-0009,0
S5-2-0010,0
S5-2-0011,0
S6-2-0001,0
S6-2-0002,0
S6-2-0003,0
S6-2-0004,0
S6-2-0005,0
S6-2-0006,0
S6-2-0007,0
S6-2-0008,0
S6-2-0009,0
S6-2-0010,0
S6-2-0011,0
S6-2-0012,0
S6-2-0013,0
S6-2-0014,0
S6-2-0015,0
S7-2-0001,0
S7-2-0002,0
S7-2-0003,0
S7-2-0004,0
S7-2-0005,0
S7-2-0006,0
S7-2-0007,0
S7-2-0008,0
S7-2-0009,0
S7-2-0010,0
S7-2-0011,0
S7-2-0012,0
S7-2-0013,0
S7-2-0014,0
S7-2-0015,0
S7-2-0016,0
S7-2-0017,0
S7-2-0018,0
S7-2-0019,0
S7-2-0020,0
S7-2-0021,0
S7-2-0022,0
S7-2-0023,0
S7-2-0024,0
S7-2-0025,0
S7-2-0026,0
S7-2-0027,0
S7-2-0028,0
S7-2-0029,0
S7-2-0030,0
S7-2-0031,0
S7-2-0032,0
S7-2-0033,0
S7-2-0034,0
S7-2-0035,0
S7-2-0036,0
S7-2-0037,0
S7-2-0038,0
S7-2-0039,0
S7-2-0040,0
S7-2-0041,0
S7-2-0042,0
S7-2-0043,0
S7-2-0044,0
S7-2-0045,0
S7-2-0046,0
S7-2-0047,0
S7-2-0048,0
S7-2-0049,0
S8-2-0001,0
S8-2-0002,0
S8-2-0003,0
S8-2-0004,0
S8-2-0005,0
S8-2-0006,0
S8-2-0007,0
S8-2-0008,0
S8-2-0009,0
S8-2-0010,0
S8-2-0011,0
S8-2-0012,0
S8-2-0013,0
S8-2-0014,0
S8-2-0015,0
S8-2-0016,0
S8-2-0017,0
S8-2-0018,0
S8-2-0019,0
S8-2-0020,0
S8-2-0021,0
S8-2-0022,0
S8-2-0023,0
S8-2-0024,0
S8-2-0025,0
S8-2-0026,0
S8-2-0027,0
S8-2-0028,0
S8-2-0029,0
S8-2-0030,0
S8-2-0031,0
S8-2-0032,0
S8-2-0033,0
S8-2-0034,0
S8-2-0035,0
S8-2-0036,0
S8-2-0037,0
S8-2-0038,0
S8-2-0039,0
S8-2-0040,0
S8-2-0041,0
S8-2-0042,0
S8-2-0043,0
S8-2-0044,0
S8-2-0045,0
S8-2-0046,0
S8-2-0047,0
S8-2-0048,0
S8-2-0049,0
S8-2-0050,0
S8-2-0051,0
S8-2-0052,0
S8-2-0053,0
S8-2-0054,0
S8-2-0055,0
S8-2-0056,0
S8-2-0057,0
S8-2-0058,0
S8-2-0059,0
S8-2-0060,0
S8-2-0061,0
S8-2-0062,0
S8-2-0063,0
S8-2-0064,0
S8-2-0065,0
S8-2-0066,0
S8-2-0067,0
S8-2-0068,0
S8-2-0069,0
S8-2-0070,0
S8-2-0071,0
S8-2-0072,0
S8-2-0073,0
S8-2-0074,0
S8-2-0075,0
S9-2-0001,0
S9-2-0002,0
S9-2-0003,0
S9-2-0004,0
S9-2-0005,0
S9-2-0006,0
S9-2-0007,0
S9-2-0008,0
S9-2-0009,0
S9-2-0010,0
S9-2-0011,0
S9-2-0012,0
S9-2-0013,0
S9-2-0014,0
S9-2-0015,0
S9-2-0016,0
S9-2-0017,0
S9-2-0018,0
S9-2-0019,0
S9-2-0020,0
S9-2-0021,0
S9-2-0022,0
S9-2-0023,0
S9-2-0024,0
S9-2-0025,0
S9-2-0026,0
S9-2-0027,0
S9-2-0028,0
S9-2-0029,0
S9-2-0030,0
S9-2-0031,0
S9-2-0032,0
S9-2-0033,0
S9-2-0034,0
S9-2-0035,0
S9-2-0036,0
S9-2-0037,0
S9-2-0038,0
S9-2-0039,0
S9-2-0040,0
S9-2-0041,0
S9-2-0042,0
S9-2-0043,0
S9-2-0044,0
S9-2-0045,0
S9-2-0046,0
S9-2-0047,0
S9-2-0048,0
S9-2-0049,0
S9-2-0050,0
S10-2-0001,0
S10-2-0002,0
S10-2-0003,0
S10-2-0004,0
S10-2-0005,0
S10-2-0006,0
S10-2-0007,0
S10-2-0008,0
S10-2-0009,0
S10-2-0010,0
S10-2-0011,0
S10-2-0012,0
S10-2-0013,0
S10-2-0014,0
S10-2-0015,0
S10-2-0016,0
S10-2-0017,0
S10-2-0018,0
S10-2-0019,0
S10-2-0020,0
S10-2-0021,0
S10-2-0022,0
S10-2-0023,0
S10-2-0024,0
S10-2-0025,0
S10-2-0026,0
S10-2-0027,0
S10-2-0028,0
S10-2-0029,0
S10-2-0030,0
S10-2-0031,0
S10-2-0032,0
S10-2-0033,0
S11-2-0001,0
S11-2-0002,0
S11-2-0003,0
S11-2-0004,0
S11-2-0005,0
S11-2-0006,0
S11-2-0007,0
S11-2-0008,0
S11-2-0009,0
S11-2-0010,0
S11-2-0011,0
S11-2-0012,0
S11-2-0013,0
S11-2-0014,0
S11-2-0015,0
S11-2-0016,0
S11-2-0017,0
S11-2-0018,0
S11-2-0019,0
S11-2-0020,0
S11-2-0021,0
S11-2-0022,0
S11-2-0023,0
S11-2-0024,0
S11-2-0025,0
S11-2-0026,0
S11-2-0027,0
S11-2-0028,0
S11-2-0029,0
S12-2-0001,0
S12-2-0002,0
S12-2-0003,0
S12-2-0004,0
S12-2-0005,0
S12-2-0006,0
S13-2-0001,0
S13-2-0002,0
S13-2-0003,0
S13-2-0004,0
S13-2-0005,0
S13-2-0006,0
S13-2-0007,0
S13-2-0008,0
S13-2-0009,0
S13-2-0010,0
S13-2-0011,0
S13-2-0012,0
S13-2-0013,0
S13-2-0014,0
S13-2-0015,0
S13-2-0016,0
S13-2-0017,0
S14-2-0001,0
S14-2-0002,0
S14-2-0003,0
S14-2-0004,0
S14-2-0005,0
S14-2-0006,0
S14-2-0007,0
S14-2-0008,0
S14-2-0009,0
S14-2-0010,0
S14-2-0011,0
S14-2-0012,0
S14-2-0013,0
S14-2-0014,0
S14-2-0015,0
S14-2-0016,0
S14-2-0017,0
S14-2-0018,0
S14-2-0019,0
S14-2-0020,0
S14-2-0021,0
S14-2-0022,0
S14-2-0023,0
S14-2-0024,0
S14-2-0025,0
S14-2-0026,0
S14-2-0027,0
S14-2-0028,0
S14-2-0029,0
S14-2-0030,0
S14-2-0031,0
S14-2-0032,0
S15-2-0001,0
S15-2-0002,0
S15-2-0003,0
S15-2-0004,0
S15-2-0005,0
S15-2-0006,0
S15-2-0007,0
S15-2-0008,0
S15-2-0009,0
S15-2-0010,0
S15-2-0011,0
S15-2-0012,0
S15-2-0013,0
S15-2-0014,0
S15-2-0015,0
S15-2-0016,0
S15-2-0017,0
S15-2-0018,0
S15-2-0019,0
S15-2-0020,0
S15-2-0021,0
S15-2-0022,0
S15-2-0023,0
S15-2-0024,0
S15-2-0025,0
S15-2-0026,0
S15-2-0027,0
S15-2-0028,0
S15-2-0029,0
S15-2-0030,0
S15-2-0031,0
S15-2-0032,0
S15-2-0033,0
S15-2-0034,0
S15-2-0035,0
S15-2-0036,0
S15-2-0037,0
S15-2-0038,0
S15-2-0039,0
S15-2-0040,0
S15-2-0041,0
S15-2-0042,0
S15-2-0043,0
S15-2-0044,0
S15-2-0045,0
S15-2-0046,0
S15-2-0047,0
S15-2-0048,0
S15-2-0049,0
S15-2-0050,0
S16-2-0001,0
S16-2-0002,0
S16-2-0003,0
S16-2-0004,0
S16-2-0005,0
S16-2-0006,0
S16-2-0007,0
S16-2-0008,0
S16-2-0009,0
S16-2-0010,0
S16-2-0011,0
S16-2-0012,0
S16-2-0013,0
S16-2-0014,0
S16-2-0015,0
S16-2-0016,0
S16-2-0017,0
S16-2-0018,0
S16-2-0019,0
S16-2-0020,0
S16-2-0021,0
S16-2-0022,0
S16-2-0023,0
S16-2-0024,0
S16-2-0025,0
S16-2-0026,0
S16-2-0027,0
S16-2-0028,0
S16-2-0029,0
S16-2-0030,0
S16-2-0031,0
S17-2-0001,0
S17-2-0002,0
S17-2-0003,0
S17-2-0004,0
S17-2-0005,0
S17-2-0006,0
S17-2-0007,0
S17-2-0008,0
S17-2-0009,0
S17-2-0010,0
S17-2-0011,0
S17-2-0012,0
S17-2-0013,0
S17-2-0014,0
S17-2-0015,0
S17-2-0016,0
S17-2-0017,0
S17-2-0018,0
S17-2-0019,0
S17-2-0020,0
S17-2-0021,0
S17-2-0022,0
S17-2-0023,0
S17-2-0024,0
S17-2-0025,0
S17-2-0026,0
S17-2-0027,0
S17-2-0028,0
S17-2-0029,0
S17-2-0030,0
S17-2-0031,0
S17-2-0032,0
S17-2-0033,0
S17-2-0034,0
S17-2-0035,0
S17-2-0036,0
S17-2-0037,0
S17-2-0038,0
S17-2-0039,0
S17-2-0040,0
S17-2-0041,0
S17-2-0042,0
S17-2-0043,0
S17-2-0044,0
S18-2-0001,0
S18-2-0002,0
S18-2-0003,0
S18-2-0004,0
S18-2-0005,0
S18-2-0006,0
S18-2-0007,0
S18-2-0008,0
S18-2-0009,0
S18-2-0010,0
S18-2-0011,0
S18-2-0012,0
S18-2-0013,0
S18-2-0014,0
S18-2-0015,0
S18-2-0016,0
S18-2-0017,0
S18-2-0018,0
S18-2-0019,0
S18-2-0020,0
S19-2-0001,0
S19-2-0002,0
S19-2-0003,0
S19-2-0004,0
S19-2-0005,0
S19-2-0006,0
S19-2-0007,0
S19-2-0008,0
S19-2-0009,0
S19-2-0010,0
S19-2-0011,0
S19-2-0012,0
S19-2-0013,0
S19-2-0014,0
S19-2-0015,0
S19-2-0016,0
S19-2-0017,0
S19-2-0018,0
S19-2-0019,0
S19-2-0020,0
S19-2-0021,0
S19-2-0022,0
S19-2-0023,0
S19-2-0024,0
S19-2-0025,0
S19-2-0026,0
S19-2-0027,0
S19-2-0028,0
S19-2-0029,0
S19-2-0030,0
S19-2-0031,0
S19-2-0032,0
S19-2-0033,0
S19-2-0034,0
S19-2-0035,0
S19-2-0036,0
S20-2-0001,0
S20-2-0002,0
S20-2-0003,0
S20-2-0004,0
S20-2-0005,0
S20-2-0006,0
S20-2-0007,0
S20-2-0008,0
S20-2-0009,0
S20-2-0010,0
S20-2-0011,0
S20-2-0012,0
S20-2-0013,0
S20-2-0014,0
S20-2-0015,0
S20-2-0016,0
S20-2-0017,0
S20-2-0018,0
S20-2-0019,0
S20-2-0020,0
S20-2-0021,0
S20-2-0022,0
S20-2-0023,0
S20-2-0024,0
S20-2-0025,0
S20-2-0026,0
S20-2-0027,0
S20-2-0028,0
S20-2-0029,0
S20-2-0030,0
S20-2-0031,0
S20-2-0032,0
S20-2-0033,0
S20-2-0034,0
S20-2-0035,0
S20-2-0036,0
S20-2-0037,0
S20-2-0038,0
S20-2-0039,0
S20-2-0040,0
S20-2-0041,0
S20-2-0042,0
S20-2-0043,0
S20-2-0044,0
S20-2-0045,0
S20-2-0046,0
S20-2-0047,0
S20-2-0048,0
S20-2-0049,0
S20-2-0050,0
S20-2-0051,0
S20-2-0052,0
S20-2-0053,0
S20-2-0054,0
S20-2-0055,0
S20-2-0056,0
S20-2-0057,0
S20-2-0058,0
S20-2-0059,0
S20-2-0060,0
S20-2-0061,0
S20-2-0062,0
S20-2-0063,0
S20-2-0064,0
S20-2-0065,0
S20-2-0066,0
S20-2-0067,0
S20-2-0068,0
S20-2-0069,0
S20-2-0070,0
S20-2-0071,0
S20-2-0072,0
S20-2-0073,0
S20-2-0074,0
S20-2-0075,0
S20-2-0076,0
S20-2-0077,0
S20-2-0078,0
S20-2-0079,0
S20-2-0080,0
S20-2-0081,0
S20-2-0082,0
S20-2-0083,0
S20-2-0084,0
S20-2-0085,0
S20-2-0086,0
S20-2-0087,0
S20-2-0088,0
S20-2-0089,0
S20-2-0090,0
S20-2-0091,0
S20-2-0092,0
S20-2-0093,0
S20-2-0094,0
S20-2-0095,0
S20-2-0096,0
S20-2-0097,0
S20-2-0098,0
S20-2-0099,0
S20-2-0100,0
S20-2-0101,0
S20-2-0102,0
S20-2-0103,0
S20-2-0104,0
S20-2-0105,0
S20-2-0106,0
S20-2-0107,0
S20-2-0108,0
S20-2-0109,0
S20-2-0110,0
S20-2-0111,0
S20-2-0112,0
S20-2-0113,0
S20-2-0114,0
S20-2-0115,0
S20-2-0116,0
S20-2-0117,0
S20-2-0118,0
S20-2-0119,0
S20-2-0120,0
S20-2-0121,0
S20-2-0122,0
S20-2-0123,0
S20-2-0124,0
S20-2-0125,0
S20-2-0126,0
S20-2-0127,0
S20-2-0128,0
S20-2-0129,0
S20-2-0130,0
S20-2-0131,0
S20-2-0132,0
S20-2-0133,0
S20-2-0134,0
S20-2-0135,0
S20-2-0136,0
S20-2-0137,0
S20-2-0138,0
S20-2-0139,0
S20-2-0140,0
S20-2-0141,0
S20-2-0142,0
S20-2-0143,0
S20-2-0144,0
S20-2-0145,0
S20-2-0146,0
S20-2-0147,0
S20-2-0148,0
S20-2-0149,0
S20-2-0150,0
S20-2-0151,0
S20-2-0152,0
S20-2-0153,0
S20-2-0154,0
S20-2-0155,0
S20-2-0156,0
S20-2-0157,0
S20-2-0158,0
S20-2-0159,0
S20-2-0160,0
S20-2-0161,0
S20-2-0162,0
S20-2-0163,0
S20-2-0164,0
S20-2-0165,0
S20-2-0166,0
S20-2-0167,0
S20-2-0168,0
S20-2-0169,0
S20-2-0170,0
S20-2-0171,0
S20-2-0172,0
S20-2-0173,0
S20-2-0174,0
S20-2-0175,0
S20-2-0176,0
S20-2-0177,0
S20-2-0178,0
S20-2-0179,0
S20-2-0180,0
S20-2-0181,0
S20-2-0182,0
S20-2-0183,0
S20-2-0184,0
S20-2-0185,0
S20-2-0186,0
S20-2-0187,0
S20-2-0188,0
S20-2-0189,0
S20-2-0190,0
S20-2-0191,0
S20-2-0192,0
S20-2-0193,0
S20-2-0194,0
S20-2-0195,0
S20-2-0196,0
S20-2-0197,0
S20-2-0198,0
S20-2-0199,0
S20-2-0200,0
S20-2-0201,0
S20-2-0202,0
S20-2-0203,0
S20-2-0204,0
S20-2-0205,0
S20-2-0206,0
S20-2-0207,0
S20-2-0208,0
S20-2-0209,0
S20-2-0210,0
S20-2-0211,0
S20-2-0212,0
S20-2-0213,0
S20-2-0214,0
S20-2-0215,0
S20-2-0216,0
S20-2-0217,0
S20-2-0218,0
S20-2-0219,0
S20-2-0220,0
S20-2-0221,0
S20-2-0222,0
S20-2-0223,0
S20-2-0224,0
S20-2-0225,0
S20-2-0226,0
S20-2-0227,0
S20-2-0228,0
S20-2-0229,0
S20-2-0230,0
S20-2-0231,0
S20-2-0232,0
S20-2-0233,0
S20-2-0234,0
S20-2-0235,0
S20-2-0236,0
S20-2-0237,0
S20-2-0238,0
S20-2-0239,0
S20-2-0240,0
S20-2-0241,0
S20-2-0242,0
S20-2-0243,0
S20-2-0244,0
S20-2-0245,0
S20-2-0246,0
S20-2-0247,0
S20-2-0248,0
S20-2-0249,0
S20-2-0250,0
S20-2-0251,0
S21-2-0001,0
S21-2-0002,0
S21-2-0003,0
S21-2-0004,0
S21-2-0005,0
S21-2-0006,0
S21-2-0007,0
S21-2-0008,0
S21-2-0009,0
S21-2-0010,0
S21-2-0011,0
S21-2-0012,0
S21-2-0013,0
S21-2-0014,0
S21-2-0015,0
S21-2-0016,0
S21-2-0017,0
S21-2-0018,0
S21-2-0019,0
S21-2-0020,0
S21-2-0021,0
S21-2-0022,0
S21-2-0023,0
S21-2-0024,0
S21-2-0025,0
S21-2-0026,0
S21-2-0027,0
S21-2-0028,0
S21-2-0029,0
S21-2-0030,0
S21-2-0031,0
S21-2-0032,0
S21-2-0033,0
S21-2-0034,0
S21-2-0035,0
S21-2-0036,0
S21-2-0037,0
S21-2-0038,0
S21-2-0039,0
S21-2-0040,0
S21-2-0041,0
S21-2-0042,0
S21-2-0043,0
S21-2-0044,0
S21-2-0045,0
S21-2-0046,0
S21-2-0047,0
S21-2-0048,0
S21-2-0049,0
S21-2-0050,0
S21-2-0051,0
S21-2-0052,0
S21-2-0053,0
S21-2-0054,0
S21-2-0055,0
S21-2-0056,0
S21-2-0057,0
S21-2-0058,0
S21-2-0059,0
S21-2-0060,0
S21-2-0061,0
S21-2-0062,0
S21-2-0063,0
S21-2-0064,0
S21-2-0065,0
S21-2-0066,0
S21-2-0067,0
S21-2-0068,0
S21-2-0069,0
S21-2-0070,0
S22-2-0001,0
S22-2-0002,0
S22-2-0003,0
S22-2-0004,0
S22-2-0005,0
S22-2-0006,0
S22-2-0007,0
S22-2-0008,0
S22-2-0009,0
S22-2-0010,0
S22-2-0011,0
S22-2-0012,0
S22-2-0013,0
S22-2-0014,0
S22-2-0015,0
S22-2-0016,0
S22-2-0017,0
S22-2-0018,0
S22-2-0019,0
S22-2-0020,0
S23-2-0001,0
S23-2-0002,0
S23-2-0003,0
S23-2-0004,0
S23-2-0005,0
S23-2-0006,0
S23-2-0007,0
S23-2-0008,0
S23-2-0009,0
S23-2-0010,0
S23-2-0011,0
S23-2-0012,0
S23-2-0013,0
S23-2-0014,0
S23-2-0015,0
S23-2-0016,0
S23-2-0017,0
S23-2-0018,0
S23-2-0019,0
S23-2-0020,0
S23-2-0021,0
S23-2-0022,0
S23-2-0023,0
S23-2-0024,0
S23-2-0025,0
S23-2-0026,0
S23-2-0027,0
S23-2-0028,0
S23-2-0029,0
S23-2-0030,0
S24-2-0001,0
S24-2-0002,0
S24-2-0003,0
S24-2-0004,0
S24-2-0005,0
S24-2-0006,0
S24-2-0007,0
S24-2-0008,0
S24-2-0009,0
S24-2-0010,0
S24-2-0011,0
S24-2-0012,0
S24-2-0013,0
S24-2-0014,0
S24-2-0015,0
S24-2-0016,0
S24-2-0017,0
S24-2-0018,0
S24-2-0019,0
S24-2-0020,0
S24-2-0021,0
S24-2-0022,0
S24-2-0023,0
S24-2-0024,0
S24-2-0025,0
S24-2-0026,0
S24-2-0027,0
S24-2-0028,0
S24-2-0029,0
S24-2-0030,0
S24-2-0031,0
S25-2-0001,0
S25-2-0002,0
S25-2-0003,0
S25-2-0004,0
S25-2-0005,0
S25-2-0006,0
S25-2-0007,0
S25-2-0008,0
S25-2-0009,0
S25-2-0010,0
S25-2-0011,0
S25-2-0012,0
S25-2-0013,0
S25-2-0014,0
S25-2-0015,0
S25-2-0016,0
S25-2-0017,0
S25-2-0018,0
S25-2-0019,0
S25-2-0020,0
S25-2-0021,0
S25-2-0022,0
S25-2-0023,0
S25-2-0024,0
S25-2-0025,0
S25-2-0026,0
S25-2-0027,0
S25-2-0028,0
S25-2-0029,0
S25-2-0030,0
S25-2-0031,0
S25-2-0032,0
S25-2-0033,0
S25-2-0034,0
S25-2-0035,0
S25-2-0036,0
S25-2-0037,0
S25-2-0038,0
S25-2-0039,0
S25-2-0040,0
S25-2-0041,0
S25-2-0042,0
S25-2-0043,0
S25-2-0044,0
S25-2-0045,0
S25-2-0046,0
S25-2-0047,0
S25-2-0048,0
S25-2-0049,0
S25-2-0050,0
S25-2-0051,0
S25-2-0052,0
S25-2-0053,0
S25-2-0054,0
S25-2-0055,0
S25-2-0056,0
S25-2-0057,0
S25-2-0058,0
S25-2-0059,0
S25-2-0060,0
S25-2-0061,0
S25-2-0062,0
S25-2-0063,0