排名,ROI,权重均值,权重标准差,NCs均值,MDD均值,FDR校正后 p值
1,Frontal_Mid_L(2201),19.84127674,2.53073569,37.38388164,37.43273659,2.724155e-01
2,Frontal_Mid_Orb_L(2211),19.82045441,2.68469668,42.07964507,42.08839626,5.486707e-01
3,Postcentral_L(6001),19.66729622,2.55243836,37.95673959,37.99262776,3.922092e-01
4,Occipital_Inf_L(5301),19.57202892,2.35445799,39.54146010,39.57050231,5.811381e-01
5,Frontal_Inf_Oper_L(2301),19.53574867,2.73031041,42.92474967,42.91247532,5.768293e-01
6,SupraMarginal_L(6211),19.50085163,2.32287818,40.61375137,40.56388683,3.928750e-01
7,Occipital_Mid_L(5201),19.45886879,2.40185452,42.05457457,42.02612467,6.157748e-02
8,Frontal_Sup_L(2101),19.40840340,2.36636005,42.38323995,42.35032947,7.024038e-02
9,Frontal_Inf_Tri_L(2311),19.38127747,2.47967965,41.99206926,41.95868756,2.077856e-03
10,Temporal_Inf_L(8301),19.27477322,2.60814139,42.57597520,42.54591865,8.356953e-02
11,Temporal_Sup_L(8111),19.27162399,2.48224123,43.21648446,43.17415587,8.356953e-02
12,Precentral_L(2001),19.22231922,2.39587794,41.60997475,41.61344663,7.686010e-01
13,Postcentral_R(6002),19.17760277,2.35643870,37.73612976,37.70780100,4.541040e-01
14,ParaHippocampal_L(4111),19.17026005,2.25186074,41.85657061,41.84799073,5.774166e-01
15,Parietal_Inf_L(6201),19.16325626,2.38559753,41.98435942,41.97607418,5.957275e-01
16,Frontal_Sup_R(2102),19.12968960,2.41799998,41.57273915,41.57307934,9.808306e-01
17,Angular_L(6221),19.11958408,2.41154595,39.93714026,40.03701002,7.024038e-02
18,Precentral_R(2002),19.08065147,2.45667137,41.70287444,41.69616041,6.168699e-01
19,Temporal_Mid_L(8201),19.05942364,2.57190294,39.84986971,39.81862306,5.223707e-01
20,Caudate_L(7001),19.05870571,2.34277818,42.89657316,42.94595854,5.518989e-04
21,Supp_Motor_Area_R(2402),19.04000282,2.50083708,42.35147923,42.36451059,3.393435e-01
22,Rolandic_Oper_R(2332),19.03705997,2.64710568,38.73622498,38.75908928,5.768293e-01
23,Cerebelum_4_5_R(9032),19.00607109,2.49785992,43.65813889,43.64727894,7.552296e-01
24,Frontal_Sup_Medial_R(2602),18.94393902,2.46186951,42.80513584,42.80472039,9.808306e-01
25,Temporal_Inf_R(8302),18.93767376,2.33784176,41.79646760,41.78082782,3.318930e-01
26,ParaHippocampal_R(4112),18.91861210,2.17443763,39.20036859,39.18806745,7.552296e-01
27,Frontal_Inf_Oper_R(2302),18.91696320,2.28383954,39.04920260,39.07485868,6.681170e-01
28,Frontal_Sup_Medial_L(2601),18.89961891,2.38728398,43.96720159,43.97375676,6.789569e-01
29,Precuneus_R(6302),18.89060879,2.51944717,42.93251144,42.92577228,6.789569e-01
30,Hippocampus_L(4101),18.88459282,2.15242335,42.25056022,42.22329182,1.980354e-02
31,Occipital_Inf_R(5302),18.88163204,2.42134501,42.06163097,42.00584556,3.582598e-04
32,Parietal_Inf_R(6202),18.81733952,2.23783886,38.73626230,38.72350022,7.552296e-01
33,Caudate_R(7002),18.77341919,2.27690911,43.79769355,43.83883896,1.980354e-02
34,Frontal_Sup_Orb_R(2112),18.76474342,2.44002581,42.04256299,42.01112804,1.945590e-03
35,Temporal_Sup_R(8112),18.75444183,2.44555618,42.04152502,42.01716269,6.866752e-02
36,Occipital_Sup_L(5101),18.72983780,2.23986823,39.06278456,39.05744277,9.301781e-01
37,Paracentral_Lobule_L(6401),18.71587982,2.56706408,37.49566460,37.49765781,9.808306e-01
38,Cerebelum_9_L(9071),18.69814701,2.15535740,37.56443558,37.63146717,4.319754e-01
39,Fusiform_L(5401),18.65349941,2.14041979,31.94591505,31.85586824,8.356953e-02
40,Cerebelum_4_5_L(9031),18.64965343,2.25987329,43.21845456,43.19779498,5.811381e-01
41,Cuneus_R(5012),18.63760643,2.04731444,37.72363210,37.79352634,3.275962e-01
42,Frontal_Inf_Orb_L(2321),18.62269535,2.48397108,30.43365110,30.45061514,7.686010e-01
43,Hippocampus_R(4102),18.61991520,2.30287424,39.60811015,39.56453760,3.183623e-01
44,Precuneus_L(6301),18.61574192,2.46647835,42.25496360,42.25347566,9.301781e-01
45,Putamen_L(7011),18.57307396,2.18387715,41.96700903,41.97171054,7.478433e-01
46,Temporal_Mid_R(8202),18.50020828,2.27765500,39.16773303,39.16647913,9.808306e-01
47,Cingulum_Ant_R(4002),18.47702656,2.34679676,40.05244476,39.90208779,3.332520e-03
48,Cerebelum_8_R(9062),18.43392220,2.42177747,42.02434104,41.99297615,1.980354e-02
49,Lingual_R(5022),18.42536488,2.33555101,42.11419024,42.10747597,6.464226e-01
50,Calcarine_L(5001),18.39034786,2.25526232,42.18713084,42.18138114,7.686010e-01
51,Fusiform_R(5402),18.37252884,2.29571935,41.71316215,41.70871093,6.789569e-01
52,Rolandic_Oper_L(2331),18.35587463,2.26670867,42.03316647,42.02733597,6.641064e-01
53,Frontal_Sup_Orb_L(2111),18.35108528,2.43227271,42.31565036,42.29566518,7.024038e-02
54,Insula_R(3002),18.33502865,2.35303385,32.50757417,32.62714803,1.980354e-02
55,Rectus_L(2701),18.29856815,2.04243944,43.11514270,43.06728018,1.047145e-02
56,Frontal_Mid_Orb_R(2212),18.26204624,2.07454887,41.93544679,41.91517695,1.770465e-01
57,Cingulum_Mid_L(4011),18.24785843,2.27022412,29.46236108,29.43913405,6.839807e-01
58,Frontal_Inf_Tri_R(2312),18.24664764,2.23984177,42.63026641,42.59200727,1.047145e-02
59,Insula_L(3001),18.22878571,2.39251157,31.08150938,31.17570493,7.024038e-02
60,Thalamus_R(7102),18.21420174,2.27954353,42.24434934,42.27638958,1.945590e-03
61,Temporal_Pole_Sup_L(8121),18.15614376,2.23953031,39.65732993,39.70528795,3.122760e-01
62,Angular_R(6222),18.08535614,2.31671165,31.06653591,31.12328367,3.614867e-01
63,Cerebelum_Crus1_R(9002),18.07146187,2.17383014,43.68615121,43.66072483,7.024038e-02
64,Frontal_Med_Orb_R(2612),18.01332970,2.57928194,43.12372548,43.10583331,2.188935e-01
65,Putamen_R(7012),17.98389072,2.25106639,41.99143973,41.95312792,1.123699e-04
66,Parietal_Sup_R(6102),17.96284695,2.17790238,30.73580620,30.68546510,4.541040e-01
67,Cerebelum_Crus1_L(9001),17.95506115,2.28404862,43.44623773,43.40689897,3.332520e-03
68,Vermis_10(9170),17.93594971,2.14186357,37.29407065,37.40645906,3.275962e-01
69,Thalamus_L(7101),17.90150871,2.08612697,39.00723724,39.15280154,2.077856e-03
70,Occipital_Mid_R(5202),17.85163555,2.48922410,31.23168924,31.28085238,5.486707e-01
71,Cerebelum_8_L(9061),17.83987656,2.17300057,29.28199805,29.16284873,1.617887e-01
72,Supp_Motor_Area_L(2401),17.76709003,2.19572763,32.27587625,32.17734565,1.482208e-01
73,Cingulum_Mid_R(4012),17.76616783,2.36230286,35.49234995,35.40956418,1.063622e-01
74,Calcarine_R(5002),17.76428738,2.05472678,31.43861434,31.39861280,5.811381e-01
75,Cerebelum_6_L(9041),17.76059666,2.34863884,30.92646740,30.92674744,9.943776e-01
76,Parietal_Sup_L(6101),17.71297092,2.29297917,29.26166066,29.31132062,4.416818e-01
77,Cuneus_L(5011),17.50464840,1.96809836,30.48496135,30.52317594,5.652775e-01
78,Vermis_1_2(9100),17.48715782,2.26343259,42.85964138,42.86141289,9.651519e-01
79,Frontal_Mid_R(2202),17.44682331,2.22945238,30.72280593,30.74133993,7.152498e-01
80,SupraMarginal_R(6212),17.43754196,2.36712191,29.46145160,29.43446952,6.789569e-01
81,Temporal_Pole_Sup_R(8122),17.37992916,2.12882897,38.25528487,38.30889393,1.379331e-01
82,Cerebelum_Crus2_L(9011),17.33801746,2.08079887,32.32267615,32.28110339,6.456126e-01
83,Frontal_Inf_Orb_R(2322),17.27854519,2.45854291,31.21401164,31.13568423,1.055590e-01
84,Cingulum_Ant_L(4001),17.25664120,2.11027330,32.98196537,32.85883762,1.047145e-02
85,Cerebelum_3_L(9021),17.13081474,2.10520877,40.46194732,40.53318461,4.541040e-01
86,Temporal_Pole_Mid_R(8212),17.11384678,2.00817786,42.19241883,42.17299498,2.719103e-01
87,Occipital_Sup_R(5102),17.09213848,2.04495452,34.03909913,34.11627585,2.619481e-01
88,Lingual_L(5021),16.99789963,2.20270520,29.95098583,29.98657885,5.619254e-01
89,Cerebelum_6_R(9042),16.89074688,2.12627749,33.19380212,33.04795574,1.980354e-02
90,Cerebelum_Crus2_R(9012),16.87598286,1.92168381,33.08896497,33.09609877,9.561657e-01
91,Olfactory_L(2501),16.29849968,1.91143531,32.13764037,32.09609322,6.579356e-01
92,Cingulum_Post_R(4022),16.29679470,2.50391818,31.54967028,31.51201180,6.839807e-01
93,Vermis_8(9150),16.25539341,2.35451038,32.01322848,31.94093207,3.183623e-01
94,Amygdala_L(4201),15.99977303,2.27404139,34.16122197,34.07423489,1.538924e-01
95,Vermis_3(9110),15.91524296,2.13898450,34.77935629,34.83606178,4.541040e-01
96,Heschl_R(8102),15.68187580,1.80811741,32.63862348,32.74968075,1.748896e-01
97,Heschl_L(8101),15.62978477,2.04359332,32.78328992,32.74311394,6.168699e-01
98,Vermis_9(9160),15.55037460,2.14379826,33.10894648,33.03510562,3.183623e-01
99,Amygdala_R(4202),15.53417225,1.83946961,33.14817021,33.18066871,6.789569e-01
100,Rectus_R(2702),15.49567337,2.17823012,28.62987916,28.64439128,7.686010e-01
101,Cingulum_Post_L(4021),15.41236362,2.03125204,31.64592491,31.55413646,2.724155e-01
102,Pallidum_L(7021),15.36287708,2.01418915,33.92903705,33.96069387,6.789569e-01
103,Cerebelum_3_R(9022),15.33938503,1.81612118,34.58760558,34.58090504,9.561657e-01
104,Paracentral_Lobule_R(6402),15.26966877,1.92869539,28.89678056,28.84606773,4.541040e-01
105,Olfactory_R(2502),15.26608391,1.77313853,34.97314758,35.04953933,3.988203e-01
106,Cerebelum_10_L(9081),15.05605545,1.87909893,34.78195386,34.54547510,2.077856e-03
107,Pallidum_R(7022),15.03445358,1.59232564,33.54279398,33.74051042,1.326532e-02
108,Vermis_7(9140),15.01257477,2.03152931,32.14612355,32.06352797,3.024209e-01
109,Cerebelum_10_R(9082),14.98737755,1.81346478,34.03067561,33.99162299,6.789569e-01
110,Cerebelum_7b_R(9052),14.73642330,1.90758687,35.12604292,34.96248482,3.024209e-01
111,Frontal_Med_Orb_L(2611),14.59895039,1.79150266,32.30292324,32.37124199,1.379331e-01
112,Temporal_Pole_Mid_L(8211),14.20267181,1.63778735,31.42662660,31.39941928,6.456126e-01
113,Vermis_6(9130),14.11592178,1.94548100,37.25903575,37.13032059,1.482208e-01
114,Cerebelum_7b_L(9051),13.77381058,1.75510525,32.05106475,31.95323820,3.347685e-01
115,Cerebelum_9_R(9072),13.68672142,1.64048263,29.62196946,29.60977505,9.176283e-01
116,Vermis_4_5(9120),13.63826218,1.72327154,32.22269316,32.17071451,3.614867e-01
